id,name,email,marketing,account_updates,postal
1,Stephana Moakes,dhallin0@chronoengine.com,false,false,1558
2,Ingra Zaple,sblaschke1@businesswire.com,true,false,9610
3,Lorena Rohmer,hsenton2@friendfeed.com,false,false,9114
4,Yance Hamlyn,scotmore3@yelp.com,true,true,9223
5,Marleen Bubb,astaresmeare4@so-net.ne.jp,true,true,5768
6,Nicolina Penni,hcridland5@forbes.com,true,true,5028
7,Cathlene Popov,wklimas6@example.com,false,true,3509
8,Ernestine McCall,dduddin7@patch.com,false,true,3711
9,Keri Bende,dtowns8@washingtonpost.com,false,true,4541
10,Sybil Cords,frayhill9@clickbank.net,true,true,9854
11,Flynn Giroldo,jhenlona@mozilla.org,false,true,5719
12,Kate Wardall,cgreenoughb@businessinsider.com,false,false,5272
13,Roberto Maulin,,false,true,4682
14,Susana Crawshaw,orosedaled@umn.edu,false,true,7997
15,Joan Denziloe,vdeavalle@illinois.edu,false,false,1896
16,Peter Jean,,true,true,4889
17,Sibelle Van de Velde,flynessg@globo.com,false,false,9715
18,Maegan Tulleth,ecunnellh@qq.com,false,false,1670
19,Donny Please,mpaulilloi@zimbio.com,false,true,4085
20,Elnar Pettegree,rrowswellj@sphinn.com,false,true,1196
21,Josey Eves,ykynochk@senate.gov,false,false,6615
22,Dominga Caig,tmussol@discovery.com,false,true,4839
23,Malinde Brooker,btumininim@hostgator.com,false,true,9361
24,Daria Bennetto,rbaudin@bizjournals.com,false,false,3029
25,Mariya Selesnick,mitzkovicho@marriott.com,true,false,5778
26,Zebulen Morby,emarriottp@fastcompany.com,true,true,3598
27,Adlai Downs,jkuhndelq@booking.com,false,true,8113
28,Bernardo Cranmer,mcurnerr@blogger.com,false,false,4974
29,Ardys Robken,clockies@ning.com,false,false,8563
30,Eldredge Begbie,crawnet@senate.gov,true,true,6587
31,Mason Roger,rbargu@cbc.ca,false,false,5986
32,Veronica Stratton,,false,true,3235
33,Sayer Crosland,pjephsonw@parallels.com,false,true,2090
34,Ginnie Deaton,cbuggx@amazon.de,true,true,9316
35,Kareem Ferronet,slackneyy@surveymonkey.com,false,false,9946
36,Virginie Younie,cpetticanz@toplist.cz,false,false,1688
37,Lodovico Pund,,false,true,9515
38,Halsey Elkington,tvasilmanov11@bizjournals.com,true,false,8134
39,Chane Pennington,tcastanone12@smh.com.au,true,true,9379
40,Sunny Cello,emarlor13@huffingtonpost.com,true,true,5414
41,Camella Pilpovic,mjulien14@state.tx.us,false,false,3626
42,Joli Leroux,bgoldenofireland15@globo.com,false,true,9958
43,Duffie O'Kennavain,cvollam16@yale.edu,true,true,2031
44,Lazar Hentze,cscurry17@mapy.cz,true,true,4344
45,Reyna Remer,hstadding18@phpbb.com,false,false,2977
46,Natividad Rawet,khavvock19@cloudflare.com,false,false,8982
47,Wainwright Kacheler,,false,true,8739
48,Krystalle Hourigan,ajagson1b@webmd.com,true,false,3124
49,Lolita Grave,dyanukhin1c@bluehost.com,true,true,8594
50,Antonia Yakunin,nalekhov1d@craigslist.org,false,false,1602
51,Michaela Scrammage,acharon1e@cdbaby.com,false,true,8397
52,Annnora McClelland,ssennett1f@google.com.hk,false,false,5415
53,Kipper Josh,,true,true,3224
54,Hazlett Lundbech,xmoscon1h@icq.com,true,true,1536
55,Bendick Rivalant,hbodechon1i@yandex.ru,true,false,6077
56,Jordain Potebury,femtage1j@hc360.com,false,true,1681
57,Marijo Sandeford,acronk1k@amazon.de,true,true,4765
58,Garold Slade,fkerkham1l@etsy.com,true,true,9727
59,Christa Kiehne,egoncalo1m@icq.com,false,true,1670
60,Cullin Capaldi,tohartnedy1n@ed.gov,true,true,9257
61,Murvyn Renison,marrault1o@loc.gov,false,false,3949
62,Avrom Gratton,gmoller1p@webnode.com,false,true,3680
63,Hagen Juggins,,true,true,4307
64,Mabel Greer,arames1r@about.me,true,false,5561
65,Will Gammade,,true,true,6976
66,Wells Constant,tsteffens1t@un.org,true,true,4348
67,Budd Sauven,,true,true,4791
68,Bernie Bleckly,tflanner1v@mapy.cz,true,true,9381
69,Con Beckinsall,mculshaw1w@themeforest.net,false,true,9826
70,Hewet Medling,tbusk1x@goodreads.com,false,true,4681
71,Lucina Moughton,lsottell1y@chicagotribune.com,true,false,4524
72,Joana Schuelcke,hmcginly1z@hp.com,true,true,9609
73,Donella Coveney,cbazoche20@dailymotion.com,false,true,2375
74,Christyna Gipps,aphinn21@rambler.ru,true,true,1719
75,Baxter Mugleston,cneeve22@live.com,true,false,4501
76,Melody Pownall,cbruniges23@bbb.org,false,false,4243
77,Noam Giannoni,astears24@dailymail.co.uk,true,false,2562
78,Humfrid Musgrove,bpendlebery25@cbsnews.com,false,true,8793
79,Gerald Kunrad,gslimme26@buzzfeed.com,false,true,2908
80,Lazaro Mattioli,jmcasparan27@huffingtonpost.com,true,false,4920
81,Dalton Kornel,sred28@loc.gov,true,true,7616
82,Karlens Lisett,bwinspare29@1und1.de,true,true,5178
83,Nicky Matteuzzi,ccoopey2a@blogs.com,false,true,6756
84,Joella Twiggins,lsoldi2b@utexas.edu,true,false,9690
85,Olivier Bache,jpearcehouse2c@cloudflare.com,true,false,6541
86,Kass O'Conor,tpadden2d@sciencedirect.com,false,false,9981
87,Nicolas Chinge de Hals,bdebill2e@phoca.cz,false,true,8327
88,Iorgo Aberkirder,rdancer2f@ehow.com,true,true,5334
89,Goraud MacGillivrie,hcowing2g@theguardian.com,false,false,5578
90,Sheffield Junkinson,bmoney2h@earthlink.net,true,false,2057
91,Burton Stanwix,,false,true,2866
92,Eleanore Gowdridge,kroyse2j@hubpages.com,true,true,3757
93,Esmeralda Carding,gsedgeworth2k@ustream.tv,true,false,5044
94,Tann Donhardt,ptaylor2l@usgs.gov,false,false,6923
95,Rolf Tromans,,false,false,4044
96,Melodie Reddel,vgritsunov2n@ycombinator.com,true,false,3284
97,Horatius Cleiment,hcultcheth2o@amazon.co.jp,false,false,9779
98,Lloyd Moloney,zemerine2p@about.com,false,true,3130
99,Allin Rollingson,maitken2q@opensource.org,false,false,6799
100,Clim Aysh,bwesgate2r@people.com.cn,true,true,9747
101,Melessa Schaffel,esmy2s@uol.com.br,false,true,2634
102,Addi Rouchy,tdake2t@hugedomains.com,true,true,3647
103,Nolan Wisden,jadin2u@topsy.com,true,false,4122
104,Leila Kleinbaum,adiben2v@4shared.com,false,true,8389
105,Anestassia Marsh,obindon2w@mail.ru,true,true,8863
106,Talbert Jelliman,gloomis2x@ucoz.com,false,false,2764
107,Chandra Iceton,gdeabill2y@shutterfly.com,true,true,9287
108,Lemmy Winspar,ccatonne2z@yahoo.com,false,false,4861
109,Luke Gorey,gdechelle30@webnode.com,false,true,7510
110,Jorry Basset,leldritt31@opensource.org,true,false,6000
111,Jeramey Pottle,jdorkins32@tinyurl.com,false,true,8531
112,Dacey Breffitt,tgornal33@1und1.de,true,true,8681
113,Gordy Brownrigg,njenkerson34@princeton.edu,true,true,7292
114,Monro Myring,jmacardle35@businessinsider.com,true,false,7223
115,Evaleen Mongenot,ztowson36@shinystat.com,true,false,3829
116,Hans Halsey,apotkin37@blogtalkradio.com,false,false,8936
117,Madison Hercock,ciacobo38@toplist.cz,true,false,5110
118,Carmel Cecchi,hwimpress39@altervista.org,false,false,9414
119,Faye Greves,spideon3a@sakura.ne.jp,true,false,5047
120,Gibbie Turmel,cmaben3b@istockphoto.com,false,false,9115
121,Floyd Horry,,true,true,4106
122,Renell Bonallick,fvankin3d@scientificamerican.com,true,false,4377
123,Guido Kilford,lfaldo3e@unicef.org,false,false,3380
124,Lyell MacGorley,gtruss3f@msn.com,true,true,3359
125,Olin Croster,cbrowning3g@toplist.cz,true,true,2077
126,Judye Aldersey,lrenton3h@nps.gov,false,true,3249
127,Conney Heskins,klartice3i@about.com,true,true,7986
128,Angie Padley,hind3j@parallels.com,false,true,1599
129,Christye Laurenson,snickoles3k@phoca.cz,true,true,7684
130,Pietra Perford,,true,false,2660
131,Darbee Kubala,chakonsen3m@yellowbook.com,false,false,6605
132,Mel Stabler,lhune3n@indiatimes.com,false,false,4303
133,Tudor Maffioletti,cturfes3o@si.edu,false,true,9793
134,Esma Weddell,,true,false,8177
135,Sileas Rosenblum,sdeferrari3q@webeden.co.uk,true,true,1932
136,Lawton Spiniello,kstockin3r@xinhuanet.com,true,false,7277
137,Currey Ansell,csmidmoor3s@cbslocal.com,true,true,8236
138,Ilse Dibley,,false,true,4470
139,Georgetta Asipenko,srosenschein3u@fema.gov,true,true,3308
140,Kort Wateridge,scalfe3v@hp.com,true,true,7660
141,Tybi Ryves,aquenby3w@utexas.edu,true,true,3799
142,Ross Spire,jfay3x@usgs.gov,false,true,3502
143,Fleurette Sothcott,fmcowis3y@mozilla.com,true,false,7450
144,Joelie Figgs,lseabert3z@webnode.com,true,false,1503
145,Zonda Danko,rsheasby40@alexa.com,false,false,5309
146,Vera Pablos,tgauntlett41@twitpic.com,true,false,9024
147,Reggis Clampin,jtuson42@ow.ly,true,true,6885
148,Darcy Hegge,mdalgarno43@yahoo.com,true,false,3503
149,Marie Pryor,,false,true,9612
150,Portia Sherreard,crignall45@liveinternet.ru,false,true,3831
151,Terri Segar,,true,false,9801
152,Grenville Brunon,oharrhy47@census.gov,false,true,4231
153,Tresa Roots,tpark48@ucla.edu,false,true,9589
154,Mathian Lummus,msanthouse49@oracle.com,false,true,9637
155,Lewie Gloyens,kcubbon4a@vk.com,false,true,5298
156,Evan Rishman,vleverich4b@businesswire.com,false,true,7341
157,Marti Rabley,ntrunchion4c@delicious.com,false,true,7061
158,Traci Broxup,rcorre4d@soundcloud.com,false,false,1950
159,Kassandra Gyford,aknudsen4e@npr.org,false,true,6098
160,Clerkclaude Adamovitz,,true,true,7564
161,Stefan Dmiterko,rhartly4g@sina.com.cn,false,false,6712
162,Kermie Scorey,bmargiotta4h@pen.io,false,false,3268
163,Sallee Jurgenson,bjaouen4i@dion.ne.jp,false,false,3819
164,Emile Giorgeschi,,true,true,2002
165,Nadeen Rubens,mtesdale4k@etsy.com,true,true,1766
166,Rene Halwell,,true,true,4070
167,Lorrin Camamile,kbroadbear4m@com.com,false,true,5056
168,Shannon Torritti,lschulke4n@netlog.com,true,false,8343
169,Valina Pischoff,carndell4o@netscape.com,false,true,5289
170,Camile Elph,bpetrushka4p@sitemeter.com,true,false,9833
171,Laurianne Kneeland,lgrantham4q@economist.com,false,false,7180
172,Israel Benbough,mromain4r@51.la,true,true,2031
173,Shayne Gauden,mbickle4s@about.com,false,false,5909
174,Lonnard Di Baudi,rmannie4t@goo.gl,true,false,2291
175,Adan Auld,bstarford4u@gov.uk,true,true,3327
176,Linet Webb,pkinahan4v@google.com.hk,false,false,1252
177,Paolo Douberday,ychilley4w@tinypic.com,false,false,1768
178,Diena Kubalek,blemarquand4x@usa.gov,true,true,9548
179,Abdel Page,elamblin4y@photobucket.com,false,false,4583
180,Dewitt Southerton,aseifenmacher4z@fastcompany.com,false,false,1934
181,Bobbie Wreford,cpottle50@hp.com,true,true,9201
182,Leonie Blondel,spengelly51@independent.co.uk,true,true,1865
183,Marchall Foat,jslot52@facebook.com,true,false,2765
184,Franzen Sofe,,false,true,2868
185,Haslett Varfolomeev,cstag54@woothemes.com,true,false,7997
186,Estell Heather,rfostersmith55@behance.net,true,true,2679
187,Nanice Daffey,nharmes56@scientificamerican.com,false,false,5534
188,Chan Cossey,pthundercliffe57@bandcamp.com,false,true,1947
189,Shem Raffeorty,melnaugh58@eventbrite.com,false,true,6190
190,Leola Catanheira,scomins59@nydailynews.com,true,true,9411
191,Kalinda Clere,gklugman5a@nps.gov,true,false,5560
192,Wileen Raccio,bhurdidge5b@google.ru,false,false,9224
193,Bianca Hammerberg,ngiacobbinijacob5c@cnbc.com,true,true,4926
194,Claudia Collum,tberndtsson5d@washington.edu,false,false,6802
195,Rich Fiddy,ltakos5e@gmpg.org,true,true,6606
196,Tatiana O'Doireidh,brosenvasser5f@etsy.com,false,false,4167
197,Ollie Mokes,smurrigans5g@epa.gov,false,true,4692
198,Terrill Seathwright,tlyles5h@dion.ne.jp,false,true,4342
199,Monroe Zellner,egrowcott5i@bbb.org,true,false,7433
200,Chase Pallent,lbernon5j@nih.gov,true,true,6532
